04_06_18(somno),session_11_all_in_one_ZMax.txt
11_06_18(somno),session_12_all_in_one_ZMax.txt
18_06_18(somno),session_13_all_in_one_ZMax.txt
02_07_18(somno),session_15_all_in_one_ZMax.txt
09_07_18(somno),session_16_all_in_one_ZMax.txt
23_07_18(somno),session_18_all_in_one_ZMax.txt
30_07_18(somno),session_19_all_in_one_ZMax.txt
06_08_18(somno),session_20_all_in_one_ZMax.txt
13_08_18(somno),session_21_all_in_one_ZMax.txt
20_08_18(somno),session_22_all_in_one_ZMax.txt
03_09_18(somno),session_24_all_in_one_ZMax.txt
10_09_18(somno),session_25_all_in_one_ZMax.txt
17_09_18(somno),session_26_all_in_one_ZMax.txt
01_10_2018(somno),session_28_all_in_one_ZMax.txt
29_10_2018(somno),session_32_all_in_one_ZMax.txt
12_11_2018(somno),session_34_all_in_one_ZMax.txt
19_11_2018(somno),session_35_all_in_one_ZMax.txt
26_11_2018(somno),session_36_all_in_one_ZMax.txt
03_12_2018(somno),session_37_all_in_one_ZMax.txt
10_12_2018(somno),session_38_all_in_one_ZMax.txt
17_12_2018(somno),session_39_all_in_one_ZMax.txt
23_12_2018(somno),session_40_all_in_one_ZMax.txt
30_12_2018(somno),session_41_all_in_one_ZMax.txt
07_01_2019(somno),session_42_all_in_one_ZMax.txt
28_01_2019(somno),session_45_all_in_one_ZMax.txt
04_02_2019(somno),session_46_all_in_one_ZMax.txt
11_02_2019(somno),session_47_all_in_one_ZMax.txt
25_02_2019(somno),session_49_all_in_one_ZMax.txt
04_03_2019(somno),session_50_all_in_one_ZMax.txt
11_03_2019(somno),session_51_all_in_one_ZMax.txt
18_03_2019(somno),session_52_all_in_one_ZMax.txt
25_03_2019(somno),session_53_all_in_one_ZMax.txt
08_04_2019(somno),session_55_all_in_one_ZMax.txt
15_04_2019(somno),session_56_all_in_one_ZMax.txt
22_04_2019(somno),session_57_all_in_one_ZMax.txt
29_04_2019(somno),session_58_all_in_one_ZMax.txt
13_05_2019(somno),session_60_all_in_one_ZMax.txt
20_05_2019(somno),session_61_all_in_one_ZMax.txt
03_06_2019(somno),session_63_all_in_one_ZMax.txt
10_06_2019(somno),session_64_all_in_one_ZMax.txt
24_06_2019(somno),session_66_all_in_one_ZMax.txt
08_07_2019(somno),session_68_all_in_one_ZMax.txt
20_01_2020(somno),session_96_all_in_one_ZMax.txt
